Priority,Stock No.,VIN,Recall,Retail Media,Recon Media,New/Used,Year,Make,Model,Exterior color,ODO,Acquired,Age,DIS,DIR,DMS,Last Located,Step,Note
"No priority","PP9247","1FTRF3B60FEC82113",0,1,0,"Used",2015,"Ford","F-350SD ","",100000,"12/16/2019","1829d 6h","","","W","","",""
"No priority","PP8821","3C6TRVDG5JE151567",0,1,0,"Used",2018,"Ram","ProMaster 2500 High Roof","Bright White Clearcoat",100000,"12/15/2018","2195d 6h","","","W","","",""
"No priority","PP8445","1FT8W4DT3HEF44617",0,1,0,"Used",2017,"Ford","F-450SD Platinum","BIG WHEELS",268144,"02/16/2018","2497d 6h","868d 18h","","W","","Off Frontline",""
"No priority","PP6926","5TFUU4EN1EX105386",0,1,0,"Used",2014,"Toyota","Tacoma Base","PARTS",68682,"03/03/2017","2847d 6h","868d 18h","","W","","Off Frontline",""
"No priority","PP1287","WBX57DP09NN126742",0,0,0,"Used",2022,"BMW","X3 xDrive30i","Alpine White",30253,"12/17/2024","1d 6h","14h 6m","","R","","Stock In",""
"No priority","PP1285","WBA13BJ09PWY19552",0,0,0,"Used",2023,"BMW","5 Series 530i xDrive","Black Sapphire Metallic",12920,"12/11/2024","7d 6h","4d 19h","","W","","Wholesale",""
"No priority","PP1281","ZFBHRFAB4N6W63395",0,3,1,"Used",2022,"Ram","ProMaster City Base","Bright White",10376,"12/10/2024","8d 6h","5d 22h","1d 21h","W","","Frontline Ready","Jarrett M.  12/10/2024 - 11:00am
**Check for retail**"
"No priority","PP1280","3MW5U9J01N8C68756",0,29,4,"Used",2022,"BMW","3 Series M340i xDrive","Mineral Gray Metallic",31989,"12/09/2024","9d 6h","14h 7m","6d 3h","R","","Frontline Ready","Jarrett M.  12/10/2024 - 12:11pm
**CPO**

Kurt H.  12/16/2024 - 3:20pm
Detail complete, JP"
"No priority","PP1279","5UX83DP00N9J87961",0,0,0,"Used",2022,"BMW","X3 M40i","Gray Metallic",32916,"12/09/2024","9d 6h","7d 21h","","W","","Wholesale",""
"No priority","PP1278","WBA3X5C53FD559893",0,0,0,"Used",2015,"BMW","3 Series 328i xDrive Gran Turismo","Brown Metallic",132928,"12/06/2024","12d 6h","10d 21h","","W","","Wholesale",""
"No priority","PP1277","WBA73AK01N7K43143",0,0,0,"Used",2022,"BMW","2 Series 228i xDrive","Gray Metallic",28405,"12/05/2024","13d 6h","11d 22h","","W","","Wholesale",""
"No priority","PP1276","5UX53DP04N9K54080",0,30,4,"Used",2022,"BMW","X3 xDrive30i","Dark Graphite",15532,"12/03/2024","15d 6h","5d 17h","7d 23h","R","","Frontline Ready","Jarrett M. 12/3/2024 - 3:58pm 
**CPO**

Kurt H.  12/11/2024 - 10:38am
Key out to DEREK HALLDIN, can't be located.

Kurt H.  12/11/2024 - 3:27pm
Detail complete, Jayvon T."
"No priority","PP1275","5UXTY5C00M9H93950",0,0,0,"Used",2021,"BMW","X3 xDrive30i","Jet Black",28203,"12/09/2024","9d 6h","7d 21h","","W","","Wholesale",""
"No priority","PP1274","WMZ83BR08N3N88910",0,29,4,"Used",2022,"MINI","Cooper S Countryman ","Moonwalk Gray Metallic",25930,"12/02/2024","16d 6h","8d 16h","5d 19h","R","","Frontline Ready","Jarrett M. 12/2/2024 - 12:22pm
**CPO**

Kurt H.  12/9/2024 - 12:45pm
Detail complete, JP"
"No priority","PP1272","WBA73AK04N7K29026",0,29,4,"Used",2022,"BMW","2 Series 228i xDrive","Black Sapphire Metallic",20686,"11/26/2024","22d 6h","14d 20h","5d 21h","R","","Frontline Ready","Jarrett M.  11/26/2024 - 3:04pm
**CPO**

Kurt H.  12/2/2024 - 12:48pm
Detail complete, JP"
"No priority","PP1270","3MW5R7J09N8C37972",0,29,4,"Used",2022,"BMW","3 Series 330i xDrive","Phytonic Blue Metallic",20585,"11/25/2024","23d 6h","11d 19h","10d 7h","R","","Frontline Ready","Jarrett M.  11/25/2024 - 11:44am
**CPO**

Kurt H.  12/5/2024 - 7:16pm
Detail complete, Jon S."
"No priority","PP1267","3MW5P9J09N8C31669",0,29,3,"Used",2022,"BMW","3 Series 330e xDrive","Alpine White",45017,"11/21/2024","27d 6h","14d 17h","11d 18h","R","","Frontline Ready","Jarrett M.  11/21/2024 - 6:00pm
**Check for retail**

Kurt H.  12/3/2024 - 12:15pm
Detail complete, Dave B."
"No priority","PP1266","5UXCW2C07N9L34370",0,31,4,"Used",2022,"BMW","X7 xDrive40i","Alpine White",30708,"11/29/2024","19d 6h","6d 20h","10d 21h","R","","Frontline Ready","Jarrett M.  11/29/2024 - 4:14pm
**CPO**

Kurt H.  12/10/2024 - 1:48pm
Detail complete, JP"
"No priority","PP1262","WBA13BJ00NWX59710",0,29,4,"Used",2022,"BMW","5 Series 530i xDrive","Dark Graphite Metallic",27498,"11/13/2024","35d 6h","24d 14h","7d 22h","R","","Frontline Ready","Jarrett M.  11/14/2024 - 3:41pm
**CPO**

Kurt H.  11/22/2024 - 2:12pm
Detail complete, Dave B."
"No priority","PP1257","WBA63AT03NCJ45782",0,28,4,"Used",2022,"BMW","4 Series M440i xDrive","Black Sapphire Metallic",26214,"11/08/2024","40d 6h","26d 19h","10d 3h","R","","Frontline Ready","Jarrett M.  11/9/2024 - 11:39am
**CPO**

Kurt H.  11/19/2024 - 3:36pm
Detail complete, JP"
"No priority","PP1256","3MW5R7J07N8C32074",0,29,3,"Used",2022,"BMW","3 Series 330i xDrive","Mineral Grey Metallic",37866,"11/08/2024","40d 6h","32d 14h","5d 21h","R","","Frontline Ready","Jarrett M.  11/9/2024 - 12:30pm
**Check for retail**

Kurt H.  11/15/2024 - 9:56am
Detail complete, Jayvon T."
"No priority","PP1248","WBAGV8C05NCH79203",0,29,4,"Used",2022,"BMW","8 Series M850i xDrive Gran Coupe","Black Sapphire Metallic",41035,"11/01/2024","47d 6h","33d 20h","11d 15h","R","","Frontline Ready","Jarrett M.  11/1/2024 - 4:21pm
**CPO**

Kurt H.  11/13/2024 - 7:28am
Detail complete, Jon S."
"No priority","PP1223","5UXTY5C06L9D68215",0,29,2,"Used",2020,"BMW","X3 xDrive30i","Glacier Silver Metallic",36612,"09/19/2024","90d 6h","73d 18h","5d 5h","R","","Frontline Ready","Jarrett M. 9/27/2024 - 9:05am
Vehicle was put in the side lot by transporter, key can not be found.

Jarrett M. 9/28/2024 - 10:50am

**Check for retail**

Key was found, S-gate is down due to hurricane. Can not provide DCS history. Vehicle IS in POIS.

Kurt H.  10/3/2024 - 3:03pm
Detail complete, Jayvon T."
"No priority","PP1221","WBA73BJ06MWX24257",0,27,4,"Used",2021,"BMW","5 Series 540i xDrive","Black Sapphire Metallic",45479,"09/17/2024","92d 6h","81d 21h","5d 14h","R","","Frontline Ready","Jarrett M. 9/20/2024 - 4:17pm
**CPO**

Kurt H.  9/26/2024 - 7:16am
Detail complete, Jayvon T."
"No priority","PP1219A","5UXWX9C55E0D36320",0,3,3,"Used",2014,"BMW","X3 xDrive28i","Deep Sea Blue Metallic",107039,"12/10/2024","8d 6h","5d 20h","1d 23h","W","","Wholesale","Jarrett M.  12/10/2024 - 10:26am
**Check for retail**"
"No priority","PP1216A","WBA6H3C35HGT65140",0,28,0,"Used",2017,"BMW","6 Series 640i xDrive","Alpine White",63252,"11/23/2024","25d 6h","15d 21h","8d 13h","R","","Frontline Ready","Jarrett M.  11/23/2024 - 5:18pm
**Check for retail**

Erv P.  11/26/2024 - 4:50pm
PARTS DUE IN 11/27

Kurt H.  12/2/2024 - 7:09am
Detail complete, Tim N."
"No priority","PP1207A","5UX43DT02R9U47643",0,0,0,"Used",2024,"BMW","X4 M40i","Gray Metallic",20902,"12/17/2024","1d 6h","9m","","R","","Stock In",""
"No priority","PP1207","5UXCR6C52KLL14343",0,30,3,"Used",2019,"BMW","X5 xDrive40i","Black Sapphire Metallic",51862,"09/11/2024","98d 6h","81d 14h","10d 19h","R","","Frontline Ready","Jake D.  9/12/2024 - 10:07am
INCOMING FROM ACV AUCTIONS

Erv P.  9/18/2024 - 12:21pm
TEAM, PLEASE BE AWARE THIS VEHICLE HAS DOWNPIPES, AFTERMARKET TUNE AND POTENTIALLY OTHER AFTERMARKET OPTIONS. DOES NOT AFFECT ANYTHING AT THIS TIME, BUT THE VEHICLE NEEDS PROGRAMMED FOR RECALLS. THIS MAY AFFECT ALL OF THESE COMPONENTS. PLEASE KEEP THIS IN MIND IF APPROVING THE VEHICLE

Kurt H.  9/25/2024 - 7:14am
Detail complete, Dave B."
"No priority","PP1198","WBXJG9C04M3M41492",0,0,0,"Used",2021,"BMW","X1 xDrive28i","Black Sapphire Metallic",40477,"09/09/2024","100d 6h","98d 19h","","W","","Off Frontline",""
"No priority","PM4178","WMW13GD01S2W49759",0,0,0,"New",2025,"MINI","Cooper ","382","","12/17/2024","1d 6h","","","R","","",""
"No priority","PM4177","WMZ23GA03S7S04485",0,0,0,"New",2025,"MINI","Cooper S Countryman Base","Blue","","12/16/2024","2d 6h","","","R","","",""
"No priority","PM4176","WMW53GD03S2W77189",0,0,0,"New",2025,"MINI","Cooper S ","Ocean","","12/16/2024","2d 6h","","","R","","",""
"No priority","PM4175","WMW53GD01S2W72041",0,28,0,"New",2025,"MINI","Cooper S ","White","","12/12/2024","6d 6h","","","R","","",""
"No priority","PM4174","WMW53GD09S2W71610",0,0,0,"New",2025,"MINI","Cooper S ","Chili Red","","12/12/2024","6d 6h","","","R","","",""
"No priority","PM4173","WMW23GD00S2W77024",0,27,0,"New",2025,"MINI","Cooper S ","Yellow","","12/12/2024","6d 6h","","","R","","",""
"No priority","PM4172","WMW23GD03S2W72674",0,0,0,"New",2025,"MINI","Cooper S ","White","","12/12/2024","6d 6h","","","R","","",""
"No priority","PM4171","WMW23GD00S2W71899",0,0,0,"New",2025,"MINI","Cooper S ","Indigo","","12/12/2024","6d 6h","","","R","","",""
"No priority","PM4170","WMW23GD0XS2W74731",0,0,0,"New",2025,"MINI","Cooper S ","Chili Red","","12/12/2024","6d 6h","","","R","","",""
"No priority","PM4169","WMW13GD01S2W58476",0,0,0,"New",2025,"MINI","Cooper ","Ocean Wave Green","","12/10/2024","8d 6h","","","R","","",""
"No priority","PM4167","WMW23GD01S2W64363",0,27,0,"New",2025,"MINI","Cooper S ","Midnight Black II Metallic","","11/29/2024","19d 6h","","","R","","",""
"No priority","PM4166","WMW23GD02S2W41769",0,27,0,"New",2025,"MINI","Cooper S ","Indigo Sunset Blue Metallic","","11/29/2024","19d 6h","","","R","","",""
"No priority","PM4165","WMW13GD07S2W65755",0,27,0,"New",2025,"MINI","Cooper ","Chili Red","","11/27/2024","21d 6h","","","R","","",""
"No priority","PM4164","WMW13GD08S2W61536",0,28,0,"New",2025,"MINI","Cooper ","Melting Silver III Metallic","","11/27/2024","21d 6h","","","R","","",""
"No priority","PM4161A","2HKRW2H57JH611407",0,28,1,"Used",2018,"Honda","CR-V EX","Crystal Black Pearl",74160,"11/29/2024","19d 6h","12d 14h","5d 20h","R","","Frontline Ready","Jarrett M.  11/29/2024 - 5:33pm
**Check for retail**

Kurt H.  12/5/2024 - 1:57pm
Detail complete, JP"
"No priority","PM4160","WMW13GD06S2W66931",0,28,0,"New",2025,"MINI","Cooper ","Sunny Side Yellow","","11/22/2024","26d 6h","","","R","","",""
"No priority","PM4157A","WMZ83BR03P3P55158",0,3,3,"Used",2023,"MINI","Cooper S Countryman ","Melting Silver III Metallic",59202,"11/30/2024","18d 6h","15d 19h","2d 1h","W","","Wholesale","Jarrett M.  11/30/2024 - 10:24am
**Check for retail**"
"No priority","PM4156A","WMW53DK04N2R31160",0,27,4,"Used",2022,"MINI","Cooper S Signature","Chili Red",43081,"11/20/2024","28d 6h","18d 16h","6d 3h","R","","Frontline Ready","Jarrett M.  11/21/2024 - 4:25pm
**CPO**

Kurt H.  11/27/2024 - 7:48pm
Detail complete, Jayvon T."
"No priority","PM4151","WMZ23GA08S7R63603",0,0,0,"New",2025,"MINI","Cooper S Countryman Base","Chili Red II","","10/21/2024","58d 6h","","","R","","",""
"No priority","PM4148","WMW23GD04S2W57956",0,27,0,"New",2025,"MINI","Cooper S ","Blazing Blue","","10/19/2024","60d 6h","","","R","","",""
"No priority","PM4147","WMW13GD02S2W57238",0,0,0,"New",2025,"MINI","Cooper ","British Racing Green IV Metallic","","10/19/2024","60d 6h","","","R","","",""
"No priority","PM4146","WMW23GD00S2W56240",0,28,0,"New",2025,"MINI","Cooper S ","Chili Red II","","10/18/2024","61d 6h","","","R","","",""
"No priority","PM4144","WMW13GD08S2W57728",0,0,0,"New",2025,"MINI","Cooper ","Chili Red II","","10/18/2024","61d 6h","","","R","","",""
"No priority","PM4140","WMZ23GA02S7R62513",0,0,0,"New",2025,"MINI","Cooper S Countryman Base","Nanuq White Metallic","","10/14/2024","65d 6h","","","R","","",""
"No priority","PM4139","WMZ23GA01S7R63572",0,0,0,"New",2025,"MINI","Cooper S Countryman Base","Blazing Blue","","10/14/2024","65d 6h","","","R","","",""
"No priority","PM4137","WMW23GD07S2W56588",0,28,0,"New",2025,"MINI","Cooper S ","Chili Red II","","10/14/2024","65d 6h","","","R","","",""
"No priority","PM4136","WMZ23GA07S7R60000",0,29,0,"New",2025,"MINI","Cooper S Countryman Base","Indigo Sunset Blue","","10/14/2024","65d 6h","","","R","","",""
"No priority","PM4134","WMW23GD09S2W55667",0,27,0,"New",2025,"MINI","Cooper S ","Indigo Sunset Blue","","10/12/2024","67d 6h","","","R","","",""
"No priority","PM4133","WMW53GD00S2W57613",0,0,0,"New",2025,"MINI","Cooper S ","Nanuq White Metallic","","10/12/2024","67d 6h","","","R","","",""
"No priority","PM4132","WMW23GD03S2W55230",0,0,0,"New",2025,"MINI","Cooper S ","British Racing Green IV Metallic","","10/12/2024","67d 6h","","","R","","",""
"No priority","PM4131","WMW23GD05S2W55214",0,0,0,"New",2025,"MINI","Cooper S ","Melting Silver III Metallic","","10/12/2024","67d 6h","","","R","","",""
"No priority","PM4130","WMW23GD08S2W44658",0,0,0,"New",2025,"MINI","Cooper S ","Sunny Side Yellow","","10/12/2024","67d 6h","","","R","","",""
"No priority","PM4129","WMW23GD0XS2W54835",0,0,0,"New",2025,"MINI","Cooper S ","Nanuq White Metallic","","10/12/2024","67d 6h","","","R","","",""
"No priority","PM4128","WMZ23GA05S7R61498",0,0,0,"New",2025,"MINI","Cooper S Countryman Base","Nanuq White Metallic","","10/12/2024","67d 6h","","","R","","",""
"No priority","PM4127","WMZ23GA08S7R56313",0,0,0,"New",2025,"MINI","Cooper S Countryman Base","Nanuq White Metallic","","10/12/2024","67d 6h","","","R","","",""
"No priority","PM4126A","5UXWX9C37H0W69974",0,0,0,"Used",2017,"BMW","X3 xDrive28i","Space Gray Metallic",58463,"12/17/2024","1d 6h","9m","","R","","Stock In",""
"No priority","PM4124","WMW53GD07S2W55339",0,0,0,"New",2025,"MINI","Cooper S ","Indigo Sunset Blue","","10/10/2024","69d 6h","","","R","","",""
"No priority","PM4123","WMZ23GA00S7R63871",0,0,0,"New",2025,"MINI","Cooper S Countryman Base","Chili Red","","10/10/2024","69d 6h","","","R","","",""
"No priority","PM4121","WMZ23GA03S7R63668",0,28,0,"New",2025,"MINI","Cooper S Countryman Base","Nanuq White Metallic","","10/04/2024","75d 6h","","","R","","",""
"No priority","PM4120","WMZ23GA04S7R63730",0,28,0,"New",2025,"MINI","Cooper S Countryman Base","Smokey Green","","10/04/2024","75d 6h","","","R","","",""
"No priority","PM4115","WMW23GD03S2W51078",0,0,0,"New",2025,"MINI","Cooper S ","British Racing Green IV Metallic","","10/04/2024","75d 6h","","","R","","",""
"No priority","PM4114","WMZ23GA0XS7R63764",0,0,0,"New",2025,"MINI","Cooper S Countryman Base","Melting Silver III Metallic","","10/04/2024","75d 6h","","","R","","",""
"No priority","PM4112A","2HGFC3B90LH351894",0,27,1,"Used",2020,"Honda","Civic Touring","Rallye Red",46305,"11/16/2024","32d 6h","24d 14h","4d 1h","R","","Frontline Ready","Jarrett M.  11/18/2024 - 2:15pm
**Check for retail**

Kurt H.  11/22/2024 - 3:55pm
Detail complete, Tracy W."
"No priority","PM4111A","WMW53DH00R2U77700",0,27,4,"Used",2024,"MINI","Cooper S ","Chili Red",13850,"12/07/2024","11d 6h","7d 13h","3d 1h","R","","Frontline Ready","Jarrett M.  12/7/2024 - 2:14pm
**CPO**

Kurt H.  12/10/2024 - 3:54pm
Detail complete, Dave B."
"No priority","PM4110","WMW23GD02S2W29573",0,0,0,"New",2025,"MINI","Cooper S ","Silver","","09/28/2024","81d 6h","","","R","","",""
"No priority","PM4107","WMW13GD07S2W49751",0,0,0,"New",2025,"MINI","Cooper ","3b5","","09/24/2024","85d 6h","","","R","","",""
"No priority","PM4106","WMW13GD02S2W49964",0,0,0,"New",2025,"MINI","Cooper ","3b5","","09/24/2024","85d 6h","","","R","","",""
"No priority","PM4103","WMW13GD02S2W45056",0,0,0,"New",2025,"MINI","Cooper ","Chili Red","","09/11/2024","98d 6h","","","R","","",""
"No priority","PM4101","WMW23GD06S2W44934",0,0,0,"New",2025,"MINI","Cooper S ","Blazing Blue","","09/11/2024","98d 6h","","","R","","",""
"No priority","PM4100","WMZ23GA00S7R43202",0,0,0,"New",2025,"MINI","Cooper S Countryman Base","Green","","09/11/2024","98d 6h","","","R","","",""
"No priority","PM4097","WMW23GD06S2W44562",0,0,0,"New",2025,"MINI","Cooper S ","Icy Sunshine Blue","","09/09/2024","100d 6h","","","R","","",""
"No priority","PM4096","WMW23GD05S2W44777",0,0,0,"New",2025,"MINI","Cooper S ","British Racing Green IV Metallic","","09/09/2024","100d 6h","","","R","","",""
"No priority","PM4095","WMZ23GA06S7R45343",0,0,0,"New",2025,"MINI","Cooper S Countryman Base","Midnight Black II","","09/09/2024","100d 6h","","","R","","",""
"No priority","PM4093","WMW23GD03S2W44616",0,0,0,"New",2025,"MINI","Cooper S ","Nanuq White Metallic","","09/09/2024","100d 6h","","","R","","",""
"No priority","PM4091","WMZ23GA06S7R25951",0,0,0,"New",2025,"MINI","Cooper S Countryman Base","Silver","","09/05/2024","104d 6h","","","R","","",""
"No priority","PM4090","WMW53GD06S2W43179",0,26,0,"New",2025,"MINI","Cooper S ","Ocean","","09/05/2024","104d 6h","","","R","","",""
"No priority","PM4087","WMW13GD00S2W41541",0,0,0,"New",2025,"MINI","Cooper ","Chili Red II","","09/03/2024","106d 6h","","","R","","",""
"No priority","PM4083","WMW13GD05S2W39901",0,0,0,"New",2025,"MINI","Cooper ","Icy Sunshine Blue","","08/29/2024","111d 6h","","","R","","",""
"No priority","PM4082","WMW13GD00S2W39496",0,28,0,"New",2025,"MINI","Cooper ","Blazing Blue","","08/29/2024","111d 6h","","","R","","",""
"No priority","PM4081","WMW23GD00S2W37512",0,0,0,"New",2025,"MINI","Cooper S ","Sunny Side Yellow","","08/29/2024","111d 6h","","","R","","",""
"No priority","PM4079","WMW23GD09S2W35676",0,0,0,"New",2025,"MINI","Cooper S ","Blazing Blue","","08/28/2024","112d 6h","","","R","","",""
"No priority","PM4076","WMW23GD05S2W38963",0,28,0,"New",2025,"MINI","Cooper S ","Midnight Black II","","08/28/2024","112d 6h","","","R","","",""
"No priority","PM4075A","WMWXP5C59K2H30656",0,25,3,"Used",2019,"MINI","Cooper ","Pepper White",34897,"11/05/2024","43d 6h","32d 21h","9d 5h","R","","Frontline Ready","Jarrett M.  11/5/2024 - 10:22am
**Check for retail**

Kurt H.  11/14/2024 - 3:52pm
Detail complete, Jon S."
"No priority","PM4071","WMW23GD01S2W39379",0,28,0,"New",2025,"MINI","Cooper S ","Nanuq White Metallic","","08/26/2024","114d 6h","","","R","","",""
"No priority","PM4070","WMW23GD07S2W34591",0,27,0,"New",2025,"MINI","Cooper S ","Midnight Black II","","08/26/2024","114d 6h","","","R","","",""
"No priority","PM4068","WMW23GD07S2W32341",0,28,0,"New",2025,"MINI","Cooper S ","Blazing Blue","","08/26/2024","114d 6h","","","R","","",""
"No priority","PM4067","WMW23GD06S2W31343",0,28,0,"New",2025,"MINI","Cooper S ","Blazing Blue","","08/26/2024","114d 6h","","","R","","",""
"No priority","PM4066","WMW23GD06S2W31200",0,28,0,"New",2025,"MINI","Cooper S ","Melting Silver III Metallic","","08/26/2024","114d 6h","","","R","","",""
"No priority","PM4064","WMW23GD01S2W33579",0,0,0,"New",2025,"MINI","Cooper S ","Chili Red","","08/14/2024","126d 6h","","","R","","",""
"No priority","PM4060A","WB523CF07RCR10695",0,29,4,"Used",2024,"BMW","iX xDrive50","Black Sapphire Metallic",5466,"11/30/2024","18d 6h","11d 20h","4d 0h","R","","Frontline Ready","Jarrett M.  11/30/2024 - 12:32pm
**CPO**

Erv P.  12/3/2024 - 10:15am
Vehicle needs charged to 100% before this can be completed.

Kurt H.  12/4/2024 - 1:10pm
Detail complete, JP"
"No priority","PM4057","WMW23GD01S2W27202",0,0,0,"New",2025,"MINI","Cooper S ","British Racing Green IV Metallic","","08/01/2024","139d 6h","","","R","","",""
"No priority","PM4055","WMZ23GA05S7R11197",0,29,0,"New",2025,"MINI","Cooper S Countryman Base","Blazing Blue","","07/30/2024","141d 6h","","","R","","",""
"No priority","PM4053","WMW23GD09S2W25469",0,0,0,"New",2025,"MINI","Cooper S Iconic","Nanuq White Metallic","","07/30/2024","141d 6h","","","R","","",""
"No priority","PM4052","WMW23GD00S2W25361",0,0,0,"New",2025,"MINI","Cooper S Iconic","Chili Red II","","07/30/2024","141d 6h","","","R","","",""
"No priority","PM4045","WMW23GD09S2W21177",0,26,0,"New",2025,"MINI","Cooper S ","Ocean Wave Green","","06/25/2024","176d 6h","","","R","","",""
"No priority","PM4042","WMW23GD07S2W22621",0,26,0,"New",2025,"MINI","Cooper S Iconic","Nanuq White Metallic","","06/25/2024","176d 6h","","","R","","",""
"No priority","PM4041","WMW23GD07S2W21582",0,26,0,"New",2025,"MINI","Cooper S Iconic","Melting Silver III Metallic","","06/24/2024","177d 6h","","","R","","",""
"No priority","PM4040","WMW23GD08S2W23163",0,26,0,"New",2025,"MINI","Cooper S Iconic","Nanuq White Metallic","","06/25/2024","176d 6h","","","R","","",""
"No priority","PM4036","WMW23GD01S2W16569",0,26,0,"New",2025,"MINI","Cooper S ","British Racing Green IV Metallic","","06/21/2024","180d 6h","","","R","","",""
"No priority","PM4035","WMW23GD0XS2W21687",0,27,0,"New",2025,"MINI","Cooper S Iconic","British Racing Green IV Metallic","","06/21/2024","180d 6h","","","R","","",""
"No priority","PM4034","WMW23GD04S2W23502",0,26,0,"New",2025,"MINI","Cooper S Iconic","Sunny Side Yellow","","06/20/2024","181d 6h","","","R","","",""
"No priority","PM4031","WMW23GD01S2W21755",0,26,0,"New",2025,"MINI","Cooper S ","Melting Silver III Metallic","","06/20/2024","181d 6h","","","R","","",""
"No priority","PM4027","WMW23GD02S2W15592",0,26,0,"New",2025,"MINI","Cooper S Iconic","Midnight Black II","","06/17/2024","184d 6h","","","R","","",""
"No priority","PM4025","WMW23GD02S2W14779",0,27,0,"New",2025,"MINI","Cooper S ","Midnight Black II","","06/17/2024","184d 6h","","","R","","",""
"No priority","PM4020","WMW23GD08S2W15774",0,27,0,"New",2025,"MINI","Cooper S Iconic","Sunny Side Yellow","","06/17/2024","184d 6h","","","R","","",""
"No priority","PM4014","WMW23GD03S2W15102",0,26,0,"New",2025,"MINI","Cooper S ","Chili Red","","06/08/2024","193d 6h","","","R","","",""
"No priority","PM4004","WMW23GD04S2W12483",0,0,0,"New",2025,"MINI","Cooper S ","Melting Silver III Metallic","","05/29/2024","203d 6h","","","R","","",""
"No priority","PM4001A","WMW53DK08N2P74832",0,27,4,"Used",2022,"MINI","Cooper S Signature","Island Blue Metallic",40706,"11/16/2024","32d 6h","24d 14h","4d 8h","R","","Frontline Ready","Jarrett M.  11/16/2024 - 2:43pm
**CPO**

Kurt H.  11/20/2024 - 10:54pm
Detail complete, Jon S."
"No priority","PM3998","WMW23GD05S2W12282",0,26,0,"New",2025,"MINI","Cooper S ","Ocean Wave Green","","05/29/2024","203d 6h","","","R","","",""
"No priority","PM3992","WMW23GD09S2W12446",0,28,0,"New",2025,"MINI","Cooper S ","Sunny Side Yellow","","05/24/2024","208d 6h","","","R","","",""
"No priority","PM3989","WMW23GD07S2W12512",0,27,0,"New",2025,"MINI","Cooper S ","","","05/20/2024","212d 6h","","","R","","",""
"No priority","PM3981","WMZ23GA03S7P45469",0,28,0,"New",2025,"MINI","Cooper S Countryman Base","Melting Silver III Metallic","","05/01/2024","231d 6h","","","R","","",""
"No priority","PM3979","WMZ23GA0XS7P38583",0,29,0,"New",2025,"MINI","Cooper S Countryman Base","Melting Silver III Metallic","","05/01/2024","231d 6h","","","R","","",""
"No priority","PM3948RA","WMWXP5C58K2H31572",0,26,3,"Used",2019,"MINI","Cooper ","Emerald Gray Metallic",30970,"10/31/2024","48d 6h","36d 15h","6d 20h","R","","Frontline Ready","Jarrett M.  10/31/2024 - 6:06pm
**Check for retail**

Kurt H.  11/7/2024 - 2:46pm
Detail complete, Jayvon T."
"No priority","PM3898R","WMW23DL0XR3S02775",0,25,0,"Used",2024,"MINI","Cooper ","Melting Silver III Metallic",1299,"11/07/2024","41d 6h","36d 22h","2d 16h","R","","Frontline Ready",""
"No priority","PM3881R","WMW43DL01R3S07629",0,25,4,"Used",2024,"MINI","Cooper S ","Nanuq White Metallic",558,"10/24/2024","55d 6h","82d 8h","2d 7h","R","","Delivery","**CPO** 

James T.  9/25/2024 - 2:21pm
MAKE SURE THIS GETS BILLED TO SERVICE!

Kurt H.  9/26/2024 - 10:04pm
Detail complete, Jon S."
"No priority","PM3877R","WMW23DL08R3S04668",0,25,0,"Used",2024,"MINI","Cooper ","Nanuq White Metallic",503,"11/07/2024","41d 6h","36d 22h","2d 16h","R","","Frontline Ready",""
"No priority","PM3811","WMZ83BR06R3R53235",0,28,0,"New",2024,"MINI","Cooper S Countryman ","Midnight Black II",794,"07/19/2023","518d 6h","","","R","","",""
"No priority","PM3704","WMW53DH09P2T89127",0,0,0,"New",2023,"MINI","Cooper S Base","Zesty Yellow","","12/17/2022","732d 6h","","","R","","",""
"No priority","PM3652","WMZ83BR00P3P89882",0,28,0,"New",2023,"MINI","Cooper S Countryman Classic","Midnight Black II",5,"11/29/2022","750d 6h","","","R","","",""
"No priority","PB9769","5UXCX4C56KLS37941",0,1,0,"Used",2019,"BMW","X7 xDrive50i","White/ TF",75000,"05/20/2019","2039d 6h","","","W","","",""
"No priority","PB9682R","5UXCW2C54KL081275",0,1,0,"Used",2019,"BMW","X7 xDrive40i","Vermont Bronze Metallic",80000,"11/15/2019","1860d 6h","868d 18h","0m","W","","Off Frontline",""
"No priority","PB7246D","WBY2Z2C55EVX64744",0,1,0,"Used",2014,"BMW","i8 Base","DEMO TF",59692,"09/12/2016","3019d 6h","","","W","","",""
"No priority","PB3168","WBX73EF07S5127783",0,0,0,"New",2025,"BMW","X1 xDrive28i","Alpine","","12/16/2024","2d 6h","","","R","","",""
"No priority","PB3167","5UX23EU06S9Y96115",0,0,0,"New",2025,"BMW","X5 xDrive40i","Alpine","","12/13/2024","5d 6h","","","R","","",""
"No priority","PB3166","WBX63GM08S5160866",0,0,0,"New",2025,"BMW","X2 xDrive28i","Green","","12/12/2024","6d 6h","","","R","","",""
"No priority","PB3165","5UX53GP06S9Z05805",0,0,0,"New",2025,"BMW","X3 ","Alpine White","","12/11/2024","7d 6h","","","R","","",""
"No priority","PB3160","5UX23EU07S9Z11155",0,0,0,"New",2025,"BMW","X5 xDrive40i","Gray","","12/17/2024","1d 6h","","","R","","",""
"No priority","PB3159","WBA53FJ03SCU14449",0,0,0,"New",2025,"BMW","5 Series 530i xDrive","Black Sapphire Metallic","","12/16/2024","2d 6h","","","R","","",""
"No priority","PB3158","WBA53FJ08SCU20506",0,0,0,"New",2025,"BMW","5 Series 530i xDrive","Black Sapphire Metallic","","12/16/2024","2d 6h","","","R","","",""
"No priority","PB3157","WBA83DA08SCU23939",0,0,0,"New",2025,"BMW","4 Series M440i xDrive","Black Sapphire Metallic","","12/16/2024","2d 6h","","","R","","",""
"No priority","PB3156","WBA53FJ01SCU16247",0,0,0,"New",2025,"BMW","5 Series 530i xDrive","Mineral White Metallic","","12/16/2024","2d 6h","","","R","","",""
"No priority","PB3155","WBX73EF07S5175851",0,0,0,"New",2025,"BMW","X1 xDrive28i","Blue","","12/16/2024","2d 6h","","","R","","",""
"No priority","PB3154","WBA53FJ01SCU10979",0,0,0,"New",2025,"BMW","5 Series 530i xDrive","Blue","","12/16/2024","2d 6h","","","R","","",""
"No priority","PB3153A","WBY83FB08RFS83931",0,0,0,"Used",2024,"BMW","i4 xDrive40","Green Metallic",7738,"12/17/2024","1d 6h","9m","","R","","Stock In",""
"No priority","PB3152","5UX33EU02S9Y80871",0,0,0,"New",2025,"BMW","X5 M60i","Skyscraper Gray Metallic","","12/10/2024","8d 6h","","","R","","",""
"No priority","PB3146A","YV1622FS3C2036194",0,0,0,"Used",2012,"Volvo","S60 T5","",202846,"12/16/2024","2d 6h","21h 45m","","W","","Wholesale",""
"No priority","PB3144","5UX23EM02S9Z03190",0,0,0,"New",2025,"BMW","X7 xDrive40i","Brooklyn Gray Metallic","","12/10/2024","8d 6h","","","R","","",""
"No priority","PB3142","WB523CF08SCU04041",0,28,0,"New",2025,"BMW","iX xDrive50","Oxide Gray Metallic","","12/11/2024","7d 6h","","","R","","",""
"No priority","PB3140","WBY13HG08SCT68362",0,0,0,"New",2025,"BMW","i5 xDrive40","Black Sapphire Metallic","","12/12/2024","6d 6h","","","R","","",""
"No priority","PB3139","WBY13HG05SCT39773",0,0,0,"New",2025,"BMW","i5 xDrive40","Gray","","12/12/2024","6d 6h","","","R","","",""
"No priority","PB3138","WBY13HG02SCT44459",0,0,0,"New",2025,"BMW","i5 xDrive40","Blue","","12/12/2024","6d 6h","","","R","","",""
"No priority","PB3137","WBY13HG08SCT12292",0,30,0,"New",2025,"BMW","i5 xDrive40","Black Sapphire Metallic","","12/11/2024","7d 6h","","","R","","",""
"No priority","PB3136","WBY13HG08SCT36754",0,0,0,"New",2025,"BMW","i5 xDrive40","Black Sapphire Metallic","","12/16/2024","2d 6h","","","R","","",""
"No priority","PB3135","WB523CF08SCT31270",0,0,0,"New",2025,"BMW","iX xDrive50","Blue Ridge Mountain Metallic","","12/09/2024","9d 6h","","","R","","",""
"No priority","PB3133A","5UXTR9C52KLE18352",0,3,3,"Used",2019,"BMW","X3 xDrive30i","Mineral White Metallic",46121,"12/14/2024","4d 6h","1d 12h","3d 18h","R","","Dispatch","Jarrett M.  12/14/2024 - 12:29pm
**Check for retail**"
"No priority","PB3132A","5UXCR6C05LLL82982",0,3,3,"Used",2020,"BMW","X5 xDrive40i","Alpine White",40694,"12/14/2024","4d 6h","1d 18h","1d 20h","W","","Wholesale","Jarrett M.  12/14/2024 - 4:32pm
**Check for retail**"
"No priority","PB3131A","WBAAE4C06NCH01883",0,3,0,"Used",2022,"BMW","8 Series 840i","Carbon Black Metallic",47000,"12/13/2024","5d 6h","3d 16h","","W","","Wholesale",""
"No priority","PB3130","5UX43EU06S9Y94146",0,28,0,"New",2025,"BMW","X5 xDrive50e","Brooklyn Gray Metallic","","12/03/2024","15d 6h","","","R","","",""
"No priority","PB3129","WBAGV8C09SCT24802",0,29,0,"New",2025,"BMW","8 Series M850i xDrive Gran Coupe","Alpine White","","12/02/2024","16d 6h","","","R","","",""
"No priority","PB3128","WB523CF05SCT92625",0,0,0,"New",2025,"BMW","iX xDrive50","Black Sapphire Metallic","","11/29/2024","19d 6h","","","R","","",""
"No priority","PB3127","5UX33EU0XS9X77780",0,0,0,"New",2025,"BMW","X5 M60i","Black Sapphire Metallic","","11/29/2024","19d 6h","","","R","","",""
"No priority","PB3123","WBA63DA01SCU03541",0,0,0,"New",2025,"BMW","4 Series 430i xDrive","Cape York Green Metallic","","11/27/2024","21d 6h","","","R","","",""
"No priority","PB3121","WBX63GM09S5159127",0,0,0,"New",2025,"BMW","X2 xDrive28i","Jet Black","","11/27/2024","21d 6h","","","R","","",""
"No priority","PB3119","5UX23EU02S9Y80512",0,29,0,"New",2025,"BMW","X5 xDrive40i","Blue Ridge Mountain Metallic","","11/26/2024","22d 6h","","","R","","",""
"No priority","PB3118","5UX43EU03S9Y90698",0,29,0,"New",2025,"BMW","X5 xDrive50e","Blue Ridge Mountain Metallic","","11/26/2024","22d 6h","","","R","","",""
"No priority","PB3115","WBX73EF0XS5135215",0,0,0,"New",2025,"BMW","X1 xDrive28i","Phytonic Blue Metallic","","11/26/2024","22d 6h","","","R","","",""
"No priority","PB3113","WBY43HD05SFU08803",0,28,0,"New",2025,"BMW","i4 xDrive40","Jet Black","","11/26/2024","22d 6h","","","R","","",""
"No priority","PB3112A","5UXCR6C00N9L17571",0,0,0,"Used",2022,"BMW","X5 xDrive40i","Alpine White",36292,"11/30/2024","18d 6h","15d 14h","","W","","Wholesale",""
"No priority","PB3111","3MW69FT08S8F10259",0,29,0,"New",2025,"BMW","3 Series M340i xDrive","Portimao Blue Metallic","","11/26/2024","22d 6h","","","R","","",""
"No priority","PB3110A","5UXCR6C08N9L57428",0,29,4,"Used",2022,"BMW","X5 xDrive40i","Black Sapphire Metallic",27931,"11/26/2024","22d 6h","11d 20h","7d 1h","R","","Frontline Ready","Jarrett M.  11/26/2024 - 7:08pm
**CPO**

Kurt H.  12/3/2024 - 8:50pm
Detail complete, Jayvon T."
"No priority","PB3109A","5J8YD4H58JL008721",0,30,1,"Used",2018,"Acura","MDX 3.5L","Modern Steel Metallic",58177,"11/26/2024","22d 6h","14d 4h","6d 18h","R","","Frontline Ready","Jarrett M.  11/26/2024 - 6:19pm
**Check for retail**

Kurt H.  12/3/2024 - 12:26pm
Detail complete, Jayvon T."
"No priority","PB3105","5UX43EU08S9Y83200",0,29,0,"New",2025,"BMW","X5 xDrive50e","Alpine White","","11/21/2024","27d 6h","","","R","","",""
"No priority","PB3104A","WAUC4AFRXHA000524",0,3,1,"Used",2017,"Audi","S5 4.2","Ibis White",23892,"11/30/2024","18d 6h","14d 13h","1d 4h","W","","Wholesale","Jarrett M.  12/2/2024 - 1:16pm
**Check for retail**"
"No priority","PB3102","5UX23EU06S9Y80285",0,29,0,"New",2025,"BMW","X5 xDrive40i","Special Order Color","","11/19/2024","29d 6h","","","R","","",""
"No priority","PB3101","5UX43EU03S9Y80625",0,0,0,"New",2025,"BMW","X5 xDrive50e","Brooklyn Gray Metallic","","11/19/2024","29d 6h","","","R","","",""
"No priority","PB3100","5UX43EU01S9Y78159",0,28,0,"New",2025,"BMW","X5 xDrive50e","Alpine White","","11/19/2024","29d 6h","","","R","","",""
"No priority","PB3098A","KM8R7DHE2MU240512",0,0,0,"Used",2021,"Hyundai","Palisade Calligraphy","Becketts Black",68521,"12/16/2024","2d 6h","12h 29m","","W","","Wholesale",""
"No priority","PB3097","WBA63DA02SCT82697",0,28,0,"New",2025,"BMW","4 Series 430i xDrive","Tanzanite Blue II Metallic","","11/19/2024","29d 6h","","","R","","",""
"No priority","PB3095","5UX23EU0XS9Y44194",0,29,0,"New",2025,"BMW","X5 xDrive40i","Spcl Order Clr","","11/18/2024","30d 6h","","","R","","",""
"No priority","PB3093","3MW89CW08S8F12211",0,29,0,"New",2025,"BMW","3 Series 330i xDrive","Jet Black","","11/15/2024","33d 6h","","","R","","",""
"No priority","PB3092","3MW53CM0XS8F09155",0,28,0,"New",2025,"BMW","2 Series M240i","Brooklyn Gray Metallic","","11/15/2024","33d 6h","","","R","","",""
"No priority","PB3090","3MW89CW03S8F13802",0,29,0,"New",2025,"BMW","3 Series 330i xDrive","Skyscraper Gray Metallic","","11/15/2024","33d 6h","","","R","","",""
"No priority","PB3087","5UX23EM06S9Y76446",0,0,0,"New",2025,"BMW","X7 xDrive40i","Aventurin Red Metallic","","11/14/2024","34d 6h","","","R","","",""
"No priority","PB3086A","5UXTY5C07M9G24153",0,30,3,"Used",2021,"BMW","X3 xDrive30i","Alpine White",46021,"11/19/2024","29d 6h","21d 14h","6d 20h","R","","Frontline Ready","Jarrett M.  11/19/2024 - 3:54pm
**Check for retail**

Kurt H.  11/26/2024 - 12:07pm
Detail complete, Tim N."
"No priority","PB3084A","4T1B11HK4KU724525",0,3,1,"Used",2019,"Toyota","Camry L","Galactic Aqua Mica",66441,"11/16/2024","32d 6h","26d 17h","2d 22h","W","","Wholesale","Jarrett M.  11/18/2024 - 3:18pm
**Check for retail**"
"No priority","PB3083","3MF23DM09S8F04036",0,0,0,"New",2025,"BMW","M2 Base","Vegas Red Metallic","","11/14/2024","34d 6h","","","R","","",""
"No priority","PB3082","WBA63DA03SCT89593",0,28,0,"New",2025,"BMW","4 Series 430i xDrive","Vegas Red Metallic","","11/14/2024","34d 6h","","","R","","",""
"No priority","PB3080","WBX13EF02S5128216",0,29,0,"New",2025,"BMW","X1 M35i","Storm Bay Metallic","","11/14/2024","34d 6h","","","R","","",""
"No priority","PB3079A","WA1GFCFS1GR023309",0,0,0,"Used",2016,"Audi","Q3 2.0T Prestige","",94450,"11/27/2024","21d 6h","14d 16h","","W","","Wholesale","Jarrett M.  11/29/2024 - 2:26pm
vehicle not here yet"
"No priority","PB3075","WBA63DA07SCT89595",0,27,0,"New",2025,"BMW","4 Series 430i xDrive","Jet Black","","11/12/2024","36d 6h","","","R","","",""
"No priority","PB3074","WBX73EF0XS5132041",0,28,0,"New",2025,"BMW","X1 xDrive28i","Alpine White","","11/12/2024","36d 6h","","","R","","",""
"No priority","PB3073","5UX33EX03S9Y67252",0,29,0,"New",2025,"BMW","X6 xDrive40i","Brooklyn Gray Metallic","","11/09/2024","39d 6h","","","R","","",""
"No priority","PB3071","WBA63DA07SCT93579",0,28,0,"New",2025,"BMW","4 Series 430i xDrive","Black Sapphire Metallic","","11/07/2024","41d 6h","","","R","","",""
"No priority","PB3070B","KL4CJCSB4FB122295",0,0,0,"Used",2015,"Buick","Encore Leather","Ruby Red Metallic",165164,"12/03/2024","15d 6h","12d 20h","","W","","Wholesale",""
"No priority","PB3067A","5UX53DP05N9K58395",0,29,4,"Used",2022,"BMW","X3 xDrive30i","Dark Graphite Metallic",21281,"11/09/2024","39d 6h","29d 12h","4d 22h","R","","Frontline Ready","Jarrett M.  11/9/2024 - 4:06pm
**CPO**

Kurt H.  11/14/2024 - 2:39pm
Detail complete, JP"
"No priority","PB3066A","3CZRU6H56HG709581",0,0,0,"Used",2017,"Honda","HR-V EX","Silver",71000,"12/13/2024","5d 6h","3d 14h","","W","","Wholesale",""
"No priority","PB3064A","4JGDF6EE3KB240492",0,31,1,"Used",2019,"Mercedes-Benz","GLS GLS 450","Iridium Silver Metallic",77017,"11/18/2024","30d 6h","14d 4h","14d 19h","R","","Frontline Ready","Jarrett M.  11/18/2024 - 6:37pm
**Check for retail**

Erv P.  11/22/2024 - 4:20pm
CHRIS LASKO IS DRIVING TIL NEXT WEEK. HOLD ON PROCESS

Kurt H.  12/3/2024 - 2:04pm
Detail complete, JP"
"No priority","PB3060","5UX33DT04S9Y54204",0,30,0,"New",2025,"BMW","X4 xDrive30i","Phytonic Blue Metallic","","10/31/2024","48d 6h","","","R","","",""
"No priority","PB3058","5UX73GP02S9Y25653",0,27,0,"New",2025,"BMW","X3 ","Frozen Deep Gray","","10/31/2024","48d 6h","46d 17h","","R","","Off Frontline",""
"No priority","PB3057","5UX23EM0XS9Y53381",0,31,0,"New",2025,"BMW","X7 xDrive40i","Black Sapphire Metallic","","10/29/2024","50d 6h","","","R","","",""
"No priority","PB3056","5UX23EM09S9Y53582",0,0,0,"New",2025,"BMW","X7 xDrive40i","Alpine White","","10/29/2024","50d 6h","","","R","","",""
"No priority","PB3054","3MW89CW05S8F03594",0,0,0,"New",2025,"BMW","3 Series 330i xDrive","Jet Black","","12/10/2024","8d 6h","","","R","","",""
"No priority","PB3052A","WAUK8GFF1J1012088",0,30,1,"Used",2018,"Audi","A3 2.0T Prestige","Tango Red Metallic",44975,"11/23/2024","25d 6h","18d 16h","3d 1h","R","","Frontline Ready","Jarrett M.  11/23/2024 - 4:23pm
**Check for retail**

Kurt H.  11/26/2024 - 5:54pm
Detail complete, JP"
"No priority","PB3049","5UX33EX02S9Y43945",0,28,0,"New",2025,"BMW","X6 xDrive40i","Black Sapphire Metallic","","10/25/2024","54d 6h","","","R","","",""
"No priority","PB3045","5UX33EU06S9Y44018",0,29,0,"New",2025,"BMW","X5 M60i","Manhattan Green Metallic","","10/23/2024","56d 6h","","","R","","",""
"No priority","PB3044","5UX23EM09S9Y41562",0,0,0,"New",2025,"BMW","X7 xDrive40i","Alpine White","","10/21/2024","58d 6h","","","R","","",""
"No priority","PB3042","WBA73AK03R7R75652",0,29,0,"New",2024,"BMW","2 Series 228i xDrive","Storm Bay Met","","10/21/2024","58d 6h","","","R","","",""
"No priority","PB3040","WBX13EF03S5123669",0,29,0,"New",2025,"BMW","X1 M35i","Black Sapphire Metallic","","10/21/2024","58d 6h","","","R","","",""
"No priority","PB3031","WBA63DA0XSCT70491",0,28,0,"New",2025,"BMW","4 Series 430i xDrive","Skyscraper Gray Metallic","","10/17/2024","62d 6h","","","R","","",""
"No priority","PB3030","WBY33HD04SFT93187",0,29,0,"New",2025,"BMW","i4 M50","Brooklyn Gray Metallic","","10/17/2024","62d 6h","","","R","","",""
"No priority","PB3029","WBA33EJ00RCS93651",0,0,0,"New",2024,"BMW","7 Series 760i xDrive","Carbon Black Metallic","","10/17/2024","62d 6h","","","R","","",""
"No priority","PB3028","5UX23EM01S9Y34797",0,31,0,"New",2025,"BMW","X7 xDrive40i","Mineral White Metallic","","10/15/2024","64d 6h","","","R","","",""
"No priority","PB3027","5UX23EM08S9Y33971",0,0,0,"New",2025,"BMW","X7 xDrive40i","Black Sapphire Metallic","","10/15/2024","64d 6h","","","R","","",""
"No priority","PB3020","WBX73EF08S5085270",0,29,0,"New",2025,"BMW","X1 xDrive28i","San Remo Green Metallic","","10/09/2024","70d 6h","","","R","","",""
"No priority","PB3016","WBA73AK04R7R60755",0,29,0,"New",2024,"BMW","2 Series 228i xDrive","Skyscraper Gray Metallic","","10/09/2024","70d 6h","","","R","","",""
"No priority","PB3003A","5UXCW2C05N9K52668",0,31,4,"Used",2022,"BMW","X7 xDrive40i","Arctic Gray Metallic",32262,"10/11/2024","68d 6h","60d 21h","5d 2h","R","","Frontline Ready","Jarrett M.  10/12/2024 - 9:27am
**CPO**

Kurt H.  10/17/2024 - 11:31am
Detail complete, Jayvon T."
"No priority","PB2998A","5UXTA6C03M9E60135",0,29,3,"Used",2021,"BMW","X5 xDrive45e","Carbon Black Metallic",66856,"10/29/2024","50d 6h","29d 21h","13d 9h","R","","Frontline Ready","Jarrett M.  10/31/2024 - 10:25am
**Check for retail**

Erv P.  11/11/2024 - 7:25pm
LARGE REPAIR - TO COMPLETE 11/12

Kurt H.  11/13/2024 - 7:59pm
Detail complete, Tim N."
"No priority","PB2998","5UX43EU07S9Y19150",0,0,0,"New",2025,"BMW","X5 xDrive50e","Black Sapphire Metallic","","10/02/2024","77d 6h","75d 21h","","R","","Off Frontline","Jarrett M.  10/3/2024 - 9:05am
This is a new vehicle."
"No priority","PB2996","5UX73GP07S9X57740",0,29,0,"New",2025,"BMW","X3 M50 xDrive","Dune Gray Metallic","","10/02/2024","77d 6h","","","R","","",""
"No priority","PB2985B","3MW5R7J07L8B10800",0,0,0,"Used",2020,"BMW","3 Series 330i xDrive","White Metallic",20581,"11/29/2024","19d 6h","12d 14h","","W","","Wholesale",""
"No priority","PB2983","WBX57DP00RN315608",0,0,0,"New",2024,"BMW","X3 xDrive30i","Gray","","09/18/2024","91d 6h","","","R","","",""
"No priority","PB2979","WBX57DP06RN315564",0,0,0,"New",2024,"BMW","X3 xDrive30i","Graphite","","09/13/2024","96d 6h","","","R","","",""
"No priority","PB2978","WBX73EF0XS5075176",0,28,0,"New",2025,"BMW","X1 xDrive28i","Alpine","","09/13/2024","96d 6h","","","R","","",""
"No priority","PB2976","WBX73EF04S5076243",0,0,0,"New",2025,"BMW","X1 xDrive28i","Silver Metallic","","09/12/2024","97d 6h","","","R","","",""
"No priority","PB2974","WBA73AK00R7R43807",0,0,0,"New",2024,"BMW","2 Series 228i xDrive","Red","","09/11/2024","98d 6h","","","R","","",""
"No priority","PB2973","WBX73EF01S5076457",0,29,0,"New",2025,"BMW","X1 xDrive28i","Utah Orange Metallic","","09/11/2024","98d 6h","","","R","","",""
"No priority","PB2972","WBA73AK08R7R43876",0,0,0,"New",2024,"BMW","2 Series 228i xDrive","Gray","","09/11/2024","98d 6h","","","R","","",""
"No priority","PB2971","WBA73AK09R7R20686",0,28,0,"New",2024,"BMW","2 Series 228i xDrive","Blue Metallic","","09/11/2024","98d 6h","","","R","","",""
"No priority","PB2970","WBX57DP01RN307419",0,0,0,"New",2024,"BMW","X3 xDrive30i","Jet Black","","09/11/2024","98d 6h","","","R","","",""
"No priority","PB2969","WBX73EF07S5078035",0,0,0,"New",2025,"BMW","X1 xDrive28i","Green","","09/11/2024","98d 6h","","","R","","",""
"No priority","PB2968","WBX73EF09S5079557",0,0,0,"New",2025,"BMW","X1 xDrive28i","Blue","","09/11/2024","98d 6h","","","R","","",""
"No priority","PB2959","WBX73EF07S5066614",0,0,0,"New",2025,"BMW","X1 xDrive28i","Alpine","","09/05/2024","104d 6h","","","R","","",""
"No priority","PB2952A","WBA43AT05NCH96311",0,26,4,"Used",2022,"BMW","4 Series 430i xDrive","Alpine White",13213,"09/11/2024","98d 6h","81d 20h","7d 0h","R","","Frontline Ready","Jarrett M.  9/13/2024 - 11:51am
**CPO**

Kurt H.  9/20/2024 - 12:14pm
Detail complete, Jayvon T."
"No priority","PB2944","3MW89FF08R8E87306",0,29,0,"New",2024,"BMW","3 Series 330i xDrive","Alpine White","","08/28/2024","112d 6h","","","R","","",""
"No priority","PB2937B","WBA3T1C59GP823588",0,0,0,"Used",2016,"BMW","4 Series 428i xDrive","","","12/17/2024","1d 6h","9m","","R","","Stock In",""
"No priority","PB2937A","5UX53DP04N9K84499",0,28,4,"Used",2022,"BMW","X3 xDrive30i","Jet Black",9833,"09/21/2024","88d 6h","74d 14h","11d 1h","R","","Frontline Ready","Jarrett M.  9/21/2024 - 11:20am
**CPO**

Kurt H.  10/2/2024 - 12:50pm
Detail complete, JP"
"No priority","PB2923","WBA73AK0XR7R21832",0,0,0,"New",2024,"BMW","2 Series 228i xDrive","Jet Black","","08/14/2024","126d 6h","","","R","","",""
"No priority","PB2918","5UX43EU09S9X63602",0,28,0,"New",2025,"BMW","X5 xDrive50e","Black Sapphire Metallic","","08/07/2024","133d 6h","","","R","","",""
"No priority","PB2912B","1G6DC5EG1A0129915",0,0,0,"Used",2010,"Cadillac","CTS Base","Thunder Gray ChromaFlair",78912,"12/04/2024","14d 6h","12d 20h","","W","","Wholesale",""
"No priority","PB2911","WBX73EF0XR5015022",0,29,0,"New",2024,"BMW","X1 xDrive28i","Black Sapphire Metallic","","08/01/2024","139d 6h","","","R","","",""
"No priority","PB2901A","WMWZC5C55GWU01986",0,27,3,"Used",2016,"MINI","Cooper S Countryman Base","Midnight Gray Metallic",71617,"07/31/2024","140d 6h","","","W","","","Jarrett M.  8/2/2024 - 3:48pm
GET READY

INSPECTION/ LOF/ PA STATE

Kurt H.  8/5/2024 - 4:42pm
Detail complete, JP"
"No priority","PB2895A","5UXTR9C58KLR05567",0,29,2,"Used",2019,"BMW","X3 xDrive30i","Alpine White",33784,"08/08/2024","132d 6h","","","W","","","Jake D.  8/5/2024 - 10:06am
LEVY, SCOTT STILLER

Jarrett M.  8/8/2024 - 4:31pm
GET READY

INSPECTION/ LOF/ PA STATE

carfax not working

Kurt H.  8/12/2024 - 2:17pm
Detail complete, JP"
"No priority","PB2873C","WAUF3AFC9JN064550",0,3,1,"Used",2018,"Audi","A6 3.0","Daytona Gray Pearl Effect",103290,"12/07/2024","11d 6h","8d 12h","2d 1h","W","","Wholesale","Jarrett M.  12/7/2024 - 4:44pm
**Check for retail**"
"No priority","PB2868","WBX73EF04R5004498",0,28,0,"New",2024,"BMW","X1 xDrive28i","Jet Black",562,"06/28/2024","173d 6h","","","R","","",""
"No priority","PB2865A","4S3BNAN64H3009548",0,26,1,"Used",2017,"Subaru","Legacy 2.5i","Carbide Gray Metallic",90384,"11/19/2024","29d 6h","18d 16h","6d 7h","R","","Frontline Ready","Jarrett M.  11/21/2024 - 12:01pm
**Check for retail**

Kurt H.  11/27/2024 - 7:50pm
Detail complete, Dave B."
"No priority","PB2861A","WBAGV4C03NCJ56751",0,29,4,"Used",2022,"BMW","8 Series 840","Black Sapphire Metallic",26690,"10/25/2024","54d 6h","29d 19h","10d 13h","R","","Frontline Ready","Jarrett M.  11/4/2024 - 6:03pm
**CPO**

Erv P.  11/11/2024 - 7:25pm
SUBLET REPAIRS NOT DUE OUT TIL WEDNESDAY. SALES AWARE OF THE DELAY

Kurt H.  11/15/2024 - 7:26am
Detail + windshield tint removal complete, Dave B."
"No priority","PB2851","3MW89FF05R8E70575",0,28,0,"New",2024,"BMW","3 Series 330i xDrive","Alpine White",801,"06/21/2024","180d 6h","","","R","","",""
"No priority","PB2850","3MW89FF08R8E70571",0,28,0,"New",2024,"BMW","3 Series 330i xDrive","Skyscraper Gray Metallic",259,"06/21/2024","180d 6h","","","R","","",""
"No priority","PB2845","3MW89FF09R8E69221",0,28,0,"New",2024,"BMW","3 Series 330i xDrive","Melbourne Red Metallic",834,"06/20/2024","181d 6h","","","R","","",""
"No priority","PB2840","3MW89FF07R8E69363",0,28,0,"New",2024,"BMW","3 Series 330i xDrive","Jet Black",974,"06/18/2024","183d 6h","","","R","","",""
"No priority","PB2835","WBX73EF06R5Z81934",0,27,0,"New",2024,"BMW","X1 xDrive28i","Alpine White",613,"06/15/2024","186d 6h","","","R","","",""
"No priority","PB2818","5UX33DT08R9W35613",0,28,0,"New",2024,"BMW","X4 xDrive30i","Alpine White",652,"06/05/2024","196d 6h","","","R","","",""
"No priority","PB2817","WBA73AK09R7N58407",0,28,0,"New",2024,"BMW","2 Series 228i xDrive","Jet Black","","06/05/2024","196d 6h","","","R","","",""
"No priority","PB2815","5UX33DT01R9U93072",0,28,0,"New",2024,"BMW","X4 xDrive30i","Black Sapphire Metallic",432,"06/03/2024","198d 6h","","","R","","",""
"No priority","PB2814","WBX83GM08R5Y61796",0,27,0,"New",2024,"BMW","X2 M35i","Cape York Green Metallic","","06/03/2024","198d 6h","","","R","","",""
"No priority","PB2801","WBAGV4C00SCS59461",0,28,0,"New",2025,"BMW","8 Series 840","San Remo Green Metallic","","05/29/2024","203d 6h","","","R","","",""
"No priority","PB2775A","5YJ3E1EB0KF231239",0,0,0,"Used",2019,"Tesla","Model 3 ","Charcoal",54850,"11/23/2024","25d 6h","22d 20h","","W","","Wholesale",""
"No priority","PB2771","WBY33AW01RFS87181",0,28,0,"New",2024,"BMW","i4 M50","Portimao Blue Metallic","","05/09/2024","223d 6h","","","R","","",""
"No priority","PB2762","WBA53FJ03RCS25729",0,29,0,"New",2024,"BMW","5 Series 530i xDrive","Dark Graphite Metallic","","05/02/2024","230d 6h","","","R","","",""
"No priority","PB2754A","WBABC4C50KBU96954",0,9,3,"Used",2019,"BMW","8 Series M850i xDrive","Dravit Gray Metallic",54404,"06/24/2024","177d 6h","174d 19h","1d 16h","R","","Off Frontline","Jarrett M.  6/24/2024 - 7:11pm
GET READY

INSPECTION/ LOF/ PA STATE
"
"No priority","PB2745","WBY33FK08RCR85338",0,29,0,"New",2024,"BMW","i5 eDrive40","Oxide Gray Metallic","","04/22/2024","240d 6h","","","R","","",""
"No priority","PB2730","3MW33CM01R8E48134",0,27,0,"New",2024,"BMW","2 Series 230i xDrive","Alpine White","","04/09/2024","253d 6h","","","R","","",""
"No priority","PB2718","WBY53EJ01RCR60110",0,29,0,"New",2024,"BMW","i7 xDrive60","Alpine White","","03/27/2024","266d 6h","","","R","","",""
"No priority","PB2705A","5UXCR6C01P9P36399",0,29,0,"Used",2023,"BMW","X5 xDrive40i","Black Sapphire Metallic",9573,"03/30/2024","263d 6h","161d 16h","22h 27m","R","","Off Frontline","Jake D.  4/1/2024 - 10:22am
CHECK FOR CPO

Jarrett M.  4/8/2024 - 3:35pm
This vehicle is in the body shop right now. It will be wholesale when complete.

Jake D.  5/20/2024 - 1:59pm
CAR IS BEHIND THE CASTLE.

Kurt H.  5/21/2024 - 12:27pm
Detail complete, Jayvon T."
"No priority","PB2700","WBY43EJ06RCR28538",0,29,0,"New",2024,"BMW","i7 eDrive50","Carbon Black Metallic","","03/19/2024","274d 6h","","","R","","",""
"No priority","PB2693","WBY83FB08RFS72699",0,28,0,"New",2024,"BMW","i4 xDrive40","Black Sapphire Metallic","","03/13/2024","280d 6h","","","R","","",""
"No priority","PB2692R","WBA53FJ08RCR86501",0,29,3,"Used",2024,"BMW","5 Series 530i xDrive","Black Sapphire Metallic",3052,"11/13/2024","35d 6h","29d 19h","3d 1h","R","","Frontline Ready","Jarrett M.  11/15/2024 - 10:36am
**Check for retail**

Retired loaner-SOLD

Erv P.  11/15/2024 - 1:24pm
VEHICLE HAS AN OPEN RECALL - NO PARTS AVAILABLE CURRENTLY TO REMEDY

Erv P.  11/18/2024 - 11:48am
Car is being moved to front line ready. Recall parts are on hold with no ETA"
"No priority","PB2690","WBY83FB01RFS76870",0,28,0,"New",2024,"BMW","i4 xDrive40","Alpine White",437,"03/12/2024","281d 6h","","","R","","",""
"No priority","PB2686","WBY83FB04RFS70304",0,28,0,"New",2024,"BMW","i4 xDrive40","San Remo Green Metallic",751,"03/12/2024","281d 6h","","","R","","",""
"No priority","PB2679","WBY43AW08RFS75890",0,28,0,"New",2024,"BMW","i4 eDrive35","Skyscraper Gray Metallic",208,"03/11/2024","282d 6h","","","R","","",""
"No priority","PB2669","WBA53FJ04RCR67413",0,29,0,"New",2024,"BMW","5 Series 530i xDrive","Phytonic Blue Metallic",373,"03/04/2024","289d 6h","","","R","","",""
"No priority","PB2662","WBY33FK08RCR51884",0,29,0,"New",2024,"BMW","i5 eDrive40","Mineral White Metallic","","03/01/2024","292d 6h","","","R","","",""
"No priority","PB2645","WBY43FK04RCR32074",0,29,0,"New",2024,"BMW","i5 m60","Phytonic Blue Metallic","","02/19/2024","303d 6h","","","R","","",""
"No priority","PB2641","WBA73AK0XR7N22175",0,28,0,"New",2024,"BMW","2 Series 228i xDrive","Black Sapphire Metallic",3378,"02/19/2024","303d 6h","","","R","","",""
"No priority","PB2625","WBX73EF04R5Y51263",0,27,0,"New",2024,"BMW","X1 xDrive28i","Jet Black",4016,"01/30/2024","323d 6h","","","R","","",""
"No priority","PB2616","WBX73EF0XR5Y63594",0,27,0,"New",2024,"BMW","X1 xDrive28i","Alpine White",3688,"01/25/2024","328d 6h","","","R","","",""
"No priority","PB2610","WBY33FK09RCR33202",0,29,0,"New",2024,"BMW","i5 eDrive40","Black Sapphire Metallic","","01/24/2024","329d 6h","","","R","","",""
"No priority","PB2596","WBX57DP04RN264100",0,28,0,"New",2024,"BMW","X3 xDrive30i","Skyscraper Gray Metallic",4777,"01/20/2024","333d 6h","","","R","","",""
"No priority","PB2574","WBA53FJ03RCR20213",0,28,0,"New",2024,"BMW","5 Series 530i xDrive","Vegas Red Metallic",2424,"12/28/2023","356d 6h","","","R","","",""
"No priority","PB2565","WBY43EJ06RCR19290",0,29,0,"New",2024,"BMW","i7 eDrive50","Alpine White","","12/26/2023","358d 6h","","","R","","",""
"No priority","PB2562","WBY33FK00RCR15509",0,29,0,"New",2024,"BMW","i5 eDrive40","Vegas Red Metallic","","12/22/2023","362d 6h","","","R","","",""
"No priority","PB2528","WBA53FJ05RCP81234",0,29,0,"New",2024,"BMW","5 Series 530i xDrive","Cape York Green Metallic",928,"12/16/2023","368d 6h","","","R","","",""
"No priority","PB2526","WBY33FK00RCP89071",0,29,0,"New",2024,"BMW","i5 eDrive40","Oxide Gray Metallic","","12/18/2023","366d 6h","","","R","","",""
"No priority","PB2524A","5YJSA1E28GF125362",0,0,0,"Used",2016,"Tesla","Model S ","",90096,"12/06/2024","12d 6h","10d 21h","","W","","Wholesale",""
"No priority","PB2521A","5YJ3E1EC9PF709237",0,0,0,"Used",2023,"Tesla","Model 3 Performance","Black",3533,"11/27/2024","21d 6h","18d 19h","","W","","Wholesale",""
"No priority","PB2512","WBY33AW08RFS13112",0,28,0,"New",2024,"BMW","i4 M50","Brooklyn Gray Metallic","","12/12/2023","372d 6h","","","R","","",""
"No priority","PB2477","3MW33CM01R8D97217",0,0,0,"New",2024,"BMW","2 Series 230i xDrive","Brooklyn Gray Metallic",7192,"11/29/2023","385d 6h","","","R","","",""
"No priority","PB2476","3MW33CM09R8D99555",0,26,0,"New",2024,"BMW","2 Series 230i xDrive","Alpine White",8306,"11/29/2023","385d 6h","","","R","","",""
"No priority","PB2474R","3MW33CM00R8E00009",0,0,3,"USED",2024,"BMW","2-Series","blue",7255,"","","17h 10m","3d 21h","","","Final Photos","Jarrett M.  12/13/2024 - 4:10pm
**Check for retail**

SOLD!!!

Kurt H.  12/17/2024 - 1:45pm
Detail complete, Jayvon T."
"No priority","PB2474","3MW33CM00R8E00009",0,26,0,"Used",2024,"BMW","2 Series 230i xDrive","Portimao Blue Metallic",2338,"11/29/2023","385d 6h","","","R","","",""
"No priority","PB2465","WBSDZ0C04RCN95491",0,25,0,"New",2024,"BMW","M8 Competition","Black Sapphire Metallic","","11/25/2023","389d 6h","","","R","","",""
"No priority","PB2445","WBX73EF08P5Y02273",0,28,0,"New",2023,"BMW","X1 xDrive28i","Utah Orange Metallic",4365,"11/13/2023","401d 6h","","","R","","",""
"No priority","PB2442","WBY53EJ05RCP03127",0,0,0,"New",2024,"BMW","i7 xDrive60","Black Sapphire Metallic",2462,"11/13/2023","401d 6h","","","R","","",""
"No priority","PB2436","WBY73AW08RFR85241",0,28,0,"New",2024,"BMW","i4 eDrive40","Aventurin Red Metallic",4815,"11/02/2023","412d 6h","","","R","","",""
"No priority","PB2433","WBY43FK09RCP59412",0,29,0,"New",2024,"BMW","i5 m60","Alpine White",5,"11/02/2023","412d 6h","","","R","","",""
"No priority","PB2418RB","5UXTR9C54KLP77943",0,30,3,"Used",2019,"BMW","X3 xDrive30i","Glacier Silver Metallic",50454,"12/07/2024","11d 6h","13h 8m","9d 6h","R","","Frontline Ready","Jarrett M.  12/7/2024 - 3:20pm
**Check for retail**

Kurt H.  12/16/2024 - 11:21pm
Detail complete, Tim N."
"No priority","PB2412B","WBXPC93477WJ02365",0,0,0,"Used",2007,"BMW","X3 3.0si","Silgray",94310,"11/16/2023","398d 6h","","","R","","",""
"No priority","PB2405","3MW33CM05R8D88570",0,26,0,"New",2024,"BMW","2 Series 230i xDrive","Melbourne Red Metallic",4296,"10/18/2023","427d 6h","","","R","","",""
"No priority","PB2403","3MW33CM0XR8D83011",0,26,0,"New",2024,"BMW","2 Series 230i xDrive","Portimao Blue Metallic",6405,"10/18/2023","427d 6h","","","R","","",""
"No priority","PB2378RA","WAUTNAF54KA036677",0,28,1,"Used",2019,"Audi","A5 2.0T Premium Plus","Gray",32769,"12/14/2024","4d 6h","13h 49m","1d 3h","R","","Frontline Ready","Jarrett M.  12/16/2024 - 9:03am
**Check for retail**

Kurt H.  12/17/2024 - 12:28pm
Detail complete, JP"
"No priority","PB2360","5UX53DP06R9U01036",0,28,0,"New",2024,"BMW","X3 xDrive30i","Alpine White",5,"09/23/2023","452d 6h","","","R","","",""
"No priority","PB2355","WBY53EJ06RCP32300",0,0,0,"New",2024,"BMW","i7 xDrive60","Black Sapphire Metallic",351,"09/23/2023","452d 6h","","","R","","",""
"No priority","PB2343","WBX57DP03PN238830",0,28,0,"New",2023,"BMW","X3 xDrive30i","Phytonic Blue Metallic",6493,"09/14/2023","461d 6h","","","R","","",""
"No priority","PB2329","WBA73AP01RCP21535",0,26,0,"New",2024,"BMW","4 Series 430i xDrive","Alpine White",9513,"09/05/2023","470d 6h","","","R","","",""
"No priority","PB2306","3MW89FF08P8D64344",0,28,0,"New",2023,"BMW","3 Series 330i xDrive","Melbourne Red Metallic",7493,"08/16/2023","490d 6h","","","R","","",""
"No priority","PB2212","5YM23CS05P9R97282",0,28,0,"New",2023,"BMW","XM Base","Black Sapphire Metallic",14691,"06/09/2023","558d 6h","","","R","","",""
"No priority","PB2157","WBAGV4C0XRCN06401",0,28,0,"New",2024,"BMW","8 Series 840","Sunset Orange Metallic",12696,"04/27/2023","601d 6h","","","R","","",""
"No priority","PB2143","WBY43AW06PFP66150",0,28,0,"New",2023,"BMW","i4 eDrive35","Jet Black",5422,"04/14/2023","614d 6h","","","R","","",""
"No priority","PB2108","WBAGV4C05PCM88211",0,28,0,"New",2023,"BMW","8 Series 840","Portimao Blue Metallic",10573,"03/25/2023","634d 6h","","","R","","",""
"No priority","PB2105","WBA13BJ07PWY13393",0,28,0,"New",2023,"BMW","5 Series 530i xDrive","Carbon Black Metallic",15887,"03/22/2023","637d 6h","","","R","","",""
"No priority","PB2091","WBA33EJ03PCM51395",0,29,0,"New",2023,"BMW","7 Series 760i xDrive","Carbon Black Metallic",17572,"03/16/2023","643d 6h","","","R","","",""
"No priority","PB2081","5YM23CS07P9R52103",0,28,0,"New",2023,"BMW","XM Base","Mineral White Metallic",5,"03/14/2023","645d 6h","","","R","","",""
"No priority","PB2071","3MW89FF00P8D17146",0,28,0,"New",2023,"BMW","3 Series 330i xDrive","Black Sapphire Metallic",8024,"02/28/2023","659d 6h","","","R","","",""
"No priority","PB2013","WB523CF00PCM41169",0,28,0,"New",2023,"BMW","iX xDrive50","Black Sapphire Metallic",6601,"01/12/2023","706d 6h","","","R","","",""
"No priority","PB1961","WBX57DP09NN184737",0,0,0,"New",2022,"BMW","X3 xDrive30i","Phytonic Blue Metallic",19035,"12/17/2022","732d 6h","","","R","","",""
"No priority","PB1924","WBA73AP07PCL70935",0,26,0,"New",2023,"BMW","4 Series 430i xDrive","Jet Black",15717,"11/22/2022","757d 6h","","","R","","",""
"No priority","PB1795","WBA7T4C05NCK89758",0,29,0,"New",2022,"BMW","7 Series 740i xDrive","Black Sapphire Metallic",10742,"09/19/2022","821d 6h","","","R","","",""
"No priority","PB1769","5UXCR6C0XP9N71338",0,27,0,"New",2023,"BMW","X5 xDrive40i","Dark Graphite",20886,"09/06/2022","834d 6h","","","R","","",""
"No priority","PB1743RA","2GNALCEKXG6333788",0,0,0,"Used",2016,"Chevrolet","Equinox LT","Red Tintcoat",80087,"12/11/2024","7d 6h","5d 21h","","W","","Wholesale",""
"No priority","PB1529R","WBA13BJ02NCJ99710",0,26,0,"Used",2022,"BMW","5 Series 530i xDrive","Carbon Black Metallic",20268,"06/26/2024","175d 6h","172d 15h","","W","","Off Frontline",""
"No priority","PB1509A","WBA7F2C3XHG423439",0,1,0,"Used",2017,"BMW","7 Series 750i xDrive","Special Order Color",70000,"03/31/2022","993d 6h","","","W","","",""
"No priority","PB1504A","WBA13BJ05MCF13142",0,1,0,"Used",2021,"BMW","5 Series 530i xDrive","Mineral White Metallic",20601,"03/30/2022","994d 6h","222d 18h","","W","","Off Frontline","Jake D.  8/9/2022 - 4:42pm
TRACY FOSTER DEMO.
"
"No priority","PB1479R","WB523CF06NCJ79977",0,28,0,"New",2022,"BMW","iX xDrive50","Black Sapphire Metallic",16146,"06/06/2024","195d 6h","138d 17h","","R","","Frontline Ready",""
"No priority","PB1421A","5UXTR9C5XKLD95807",0,1,0,"Used",2019,"BMW","X3 xDrive30i","Alpine White",23258,"02/10/2022","1042d 6h","","","W","","","David B.  2/11/2022 - 8:33am
81651

Donnie G.  2/11/2022 - 10:36am
Poi- BT after detail 100

David B.  2/17/2022 - 9:29am
DONE"
"No priority","PB0850","5UXCR6C04M9F79630",0,1,0,"New",2021,"BMW","X5 xDrive40i","Manhattan Green Metallic","","02/03/2021","1414d 6h","","","R","","",""
"No priority","PB0137","WBA7T4C07LGF97250",0,0,0,"New",2020,"BMW","7 Series 740i xDrive","Bernina Gray Amber Effect",24890,"12/04/2019","1841d 6h","","","R","","",""
"No priority","MP1283","WMW53DK03N2R63985",0,28,4,"Used",2022,"MINI","Cooper S Signature","Chili Red",11428,"12/09/2024","9d 6h","18h 13m","5d 4h","R","","Frontline Ready","Jarrett M.  12/9/2024 - 6:06pm
**CPO**

Kurt H.  12/14/2024 - 9:44pm
Detail complete, Tracy W."
"No priority","MP1254","WMZ83BR05N3N87746",0,29,4,"Used",2022,"MINI","Cooper S Countryman ","Midnight Black Metallic",15798,"11/08/2024","40d 6h","29d 12h","7d 7h","R","","Frontline Ready","Jarrett M.  11/8/2024 - 11:12am
**CPO**

Kurt H.  11/15/2024 - 7:10pm
Detail complete, Tim N."
"No priority","MP1193","WMZ83BR00R3S03975",0,28,4,"Used",2024,"MINI","Cooper S Countryman *DEMO KEN WILSON*","Nanuq White Metallic",13924,"08/30/2024","110d 6h","87d 21h","9d 7h","R","","Frontline Ready","Jarrett M.  9/9/2024 - 12:04pm
**CPO**

Kurt H.  9/18/2024 - 8:00pm
Detail complete, Jayvon T."
"No priority","MP1191","WMZ83BR00R3S00221",0,29,4,"Used",2024,"MINI","Cooper S Countryman Signature","Nanuq White Metallic",13613,"08/30/2024","110d 6h","92d 17h","9d 17h","R","","Frontline Ready","Jarrett M.  9/6/2024 - 1:49pm
**CPO**

Kurt H.  9/16/2024 - 7:48am
Detail complete, Tim N."
"No priority","MP1190","WMZ83BR05R3S00943",0,28,4,"Used",2024,"MINI","Cooper S Countryman Signature","Rooftop Gray Metallic",14919,"08/30/2024","110d 6h","87d 21h","7d 21h","R","","Frontline Ready","Jarrett M.  9/10/2024 - 10:56am
**CPO**

Kurt H.  9/18/2024 - 8:40am
Detail complete, Tim N."
"No priority","MP1189","WMZ83BR07R3S03939",0,28,4,"Used",2024,"MINI","Cooper S Countryman **DEMO ED MATHIEU**","Midnight Black II",11038,"08/30/2024","110d 6h","87d 18h","9d 21h","R","","Frontline Ready","Jarrett M.  9/6/2024 - 3:21pm
**CPO**

Kurt H.  9/16/2024 - 1:52pm
Detail complete, Tracy W."
"No priority","MP1188","WMZ83BR02R3S03959",0,28,4,"Used",2024,"MINI","Cooper S Countryman Signature","White Metallic",10108,"08/30/2024","110d 6h","87d 18h","9d 4h","R","","Frontline Ready","Jarrett M.  9/9/2024 - 12:41pm
**CPO**

Kurt H.  9/11/2024 - 7:30am
Detail complete, Dave B."
"No priority","MP1187","WMZ83BR00R3S05175",0,28,4,"Used",2024,"MINI","Cooper S Countryman Signature","Rooftop Gray Metallic",9798,"09/05/2024","104d 6h","91d 12h","9d 22h","R","","Frontline Ready","Jarrett M.  9/6/2024 - 2:58pm
**CPO**

Kurt H.  9/16/2024 - 1:45pm
Detail complete, JP"
"No priority","MP1186","WMZ83BR0XR3S01151",0,1,0,"Used",2024,"MINI","Cooper S Countryman ","Gray Metallic",11748,"08/30/2024","110d 6h","56d 21h","","W","","Off Frontline","Jake D.  9/10/2024 - 1:45pm
IN SACRAMENTO, HELD UP DUE TO SHIPPING"
"No priority","MP1149A","WMZYW3C04L3L13599",0,28,3,"Used",2020,"MINI","Cooper Countryman Signature","Melting Silver Metallic",86093,"10/31/2024","48d 6h","33d 21h","6d 20h","R","","Frontline Ready","Jarrett M.  11/1/2024 - 5:10pm
**Check for retail**

Kurt H.  11/8/2024 - 2:03pm
Detail complete, Dave B."
"No priority","LP1246","WMZ43BR06N3N79539",0,0,4,"Used",2022,"MINI","Cooper Countryman ALL4 ","Gray Metallic",11356,"10/31/2024","48d 6h","43d 21h","3d 18h","W","","Frontline Ready","Jarrett M.  10/31/2024 - 2:24pm
lease buyout

**CPO**"
"No priority","LP1238","WBA73AP09NCJ49849",0,0,0,"Used",2022,"BMW","4 Series 430i xDrive","Black Sapphire Metallic","","10/21/2024","58d 6h","56d 19h","","W","","Off Frontline",""
"No priority","LP1106","5UXCR6C0XM9H02184",0,0,0,"Used",2021,"BMW","X5 xDrive40i","Black Sapphire Metallic",36429,"06/25/2024","176d 6h","173d 18h","","R","","Off Frontline",""
"No priority","LP1078","WMZ83BR02N3N36351",0,0,0,"Used",2022,"MINI","Cooper S Countryman ","Midnight Black Metallic","","06/03/2024","198d 6h","196d 17h","","R","","Off Frontline",""
"No priority","FP1089","WBX73EF00P5X84058",0,28,3,"Used",2023,"BMW","X1 xDrive28i","Space Silver Metallic",15606,"06/14/2024","187d 6h","180d 16h","5d 0h","R","","Frontline Ready","Jarrett M.  6/14/2024 - 3:19pm
GET READY

INSPECTION/ LOF/ PA STATE

Kurt H.  6/19/2024 - 4:00pm
Detail complete, JP"
"No priority","FP1088","WBX73EF03P5W96623",0,29,3,"Used",2023,"BMW","X1 xDrive28i","Space Silver Metallic",19906,"06/14/2024","187d 6h","","","R","","","Jarrett M.  6/14/2024 - 2:40pm
GET READY

INSPECTION/ LOF/ PA STATE

Kurt H.  6/21/2024 - 12:22pm
Detail complete, JP"
"No priority","FP0742","2C4RC1BG8NR168254",0,1,0,"Used",2022,"Chrysler","Pacifica Touring L","Bright White Clearcoat",47131,"11/09/2023","405d 6h","400d 19h","","W","","Off Frontline","Jake D.  11/11/2023 - 10:15am
INCOMING, NOT HERE YET. DEMO UNIT.

Jake D.  11/11/2023 - 2:04pm
ARRIVED. SAFETY CHECK AND STATE INSPECTION ONLY."
